139442p0,safe,0.009,6,2,0
139442p1,unsafe,0.202,2,1,4
139443p0,safe,0.012,6,2,0
139443p5,unsafe,0.371,2,1,4
139444p0,safe,0.016,6,2,0
139444p22,unsafe,0.689,3,1,5
139452p0,safe,0.012,6,2,0
139453p0,safe,0.018,6,2,0
139454p0,safe,0.024,6,2,0
139462p0,safe,0.020,6,2,0
139463p0,safe,0.027,6,2,0
139464p0,safe,0.037,6,2,0
6s0,Unknow,,,,0
6s100,Unknow,,,,0
6s102,Unknow,,,,0
6s105,Unknow,,,,0
6s108,safe,49.934,37384,9,0
6s109,safe,611.348,1976774,33,0
6s10,Unknow,,,,0
6s119,Unknow,,,,0
6s120,safe,3.760,3129,7,0
6s122,unsafe,663.015,3871667,131,204
6s128,Unknow,,,,0
6s12,Unknow,,,,0
6s130,Unknow,,,,0
6s131,Unknow,,,,0
6s134,Unknow,,,,0
6s13,Unknow,,,,0
6s145,Unknow,,,,0
6s147,Unknow,,,,0
6s148,Unknow,,,,0
6s149,Unknow,,,,0
6s151,Unknow,,,,0
6s158,Unknow,,,,0
6s159,safe,5.671,67294,86,0
6s160,Unknow,,,,0
6s161,Unknow,,,,0
6s163,Unknow,,,,0
6s164,safe,28.493,195203,27,0
6s16,Unknow,,,,0
6s171,Unknow,,,,0
6s173,safe,184.093,327426,34,0
6s177,Unknow,,,,0
6s179,Unknow,,,,0
6s183,safe,327.517,347251,13,0
6s184,Unknow,,,,0
6s185,Unknow,,,,0
6s186,Unknow,,,,0
6s187,Unknow,,,,0
6s188,Unknow,,,,0
6s190,Unknow,,,,0
6s191,Unknow,,,,0
6s194,Unknow,,,,0
6s195,Unknow,,,,0
6s198,Unknow,,,,0
6s202b00,safe,6.327,6,2,0
6s202b41,safe,5.985,6,2,0
6s203b41,safe,5.522,6,2,0
6s204b16,safe,3.926,8160,10,0
6s204b19,safe,3.658,1183,6,0
6s205b20,safe,5.959,6,2,0
6s206rb025,safe,0.555,6,2,0
6s206rb103,safe,0.588,6,2,0
6s207rb28,unsafe,28.034,5947,1,8
6s209b0,safe,0.076,6,2,0
6s20,Unknow,,,,0
6s210b037,unsafe,0.390,228,2,9
6s215rb0,unsafe,1.596,5603,2,8
6s216rb0,unsafe,9.899,46027,8,14
6s218b2950,Unknow,,,,0
6s221rb14,safe,1.147,6,2,0
6s22,Unknow,,,,0
6s23,Unknow,,,,0
6s24,Unknow,,,,0
6s266rb2,Unknow,,,,0
6s267rb3,Unknow,,,,0
6s268r,Unknow,,,,0
6s269r,Unknow,,,,0
6s271rb045,safe,40.606,47692,14,0
6s271rb079,safe,8.133,6,2,0
6s273b37,safe,1.685,2257,14,0
6s274r,Unknow,,,,0
6s275rb318,safe,0.230,2134,5,0
6s276rb342,safe,0.206,1749,7,0
6s277rb292,safe,0.511,1680,7,0
6s279r,Unknow,,,,0
6s280r,Unknow,,,,0
6s281b35,Unknow,,,,0
6s284rb1,Unknow,,,,0
6s288r,safe,57.157,57143,14,0
6s290,Unknow,,,,0
6s292rb037,Unknow,,,,0
6s299b685,Unknow,,,,0
6s29,Unknow,,,,0
6s301rb106,Unknow,,,,0
6s306rb03,safe,0.129,6,2,0
6s307rb09,safe,0.137,6,2,0
6s309b034,Unknow,,,,0
6s309b046,Unknow,,,,0
6s310r,safe,1728.629,2485424,27,0
6s316b421,Unknow,,,,0
6s316b460,Unknow,,,,0
6s317b14,safe,5.486,20385,7,0
6s319r,Unknow,,,,0
6s31,Unknow,,,,0
6s320rb0,Unknow,,,,0
6s320rb1,Unknow,,,,0
6s322rb646,Unknow,,,,0
6s325rb072,safe,0.048,186,3,0
6s326rb08,safe,0.056,6,2,0
6s329rb19,Unknow,,,,0
6s329rb20,Unknow,,,,0
6s339rb19,Unknow,,,,0
6s339rb22,Unknow,,,,0
6s33,Unknow,,,,0
6s340rb27,Unknow,,,,0
6s340rb63,Unknow,,,,0
6s341r,Unknow,,,,0
6s342rb122,Unknow,,,,0
6s342rb131,Unknow,,,,0
6s343b08,safe,383.678,606546,25,0
6s343b31,Unknow,,,,0
6s344rb054,safe,0.202,6,2,0
6s344rb150,safe,0.203,6,2,0
6s348b53,Unknow,,,,0
6s350rb35,unsafe,105.915,5,1,7
6s350rb46,unsafe,136.148,2628,2,9
6s351rb02,Unknow,,,,0
6s351rb15,Unknow,,,,0
6s355rb08740,safe,1.707,6,2,0
6s355rb11080,safe,1.573,6,2,0
6s357r,Unknow,,,,0
6s359r,Unknow,,,,0
6s35,Unknow,,,,0
6s362rb0,Unknow,,,,0
6s362rb1,safe,0.449,199,7,0
6s365r,Unknow,,,,0
6s366r,Unknow,,,,0
6s367r,Unknow,,,,0
6s36,Unknow,,,,0
6s372rb26,safe,0.491,1468,11,0
6s374b029,unsafe,595.317,297413,4,11
6s374b114,safe,1.188,827,4,0
6s376r,Unknow,,,,0
6s377r,Unknow,,,,0
6s37,Unknow,,,,0
6s380b129,safe,0.247,6,2,0
6s380b511,unsafe,1.879,26255,12,19
6s382r,Unknow,,,,0
6s384rb024,safe,0.290,6,2,0
6s385rb444,safe,0.605,6,2,0
6s387rb181,Unknow,,,,0
6s387rb291,Unknow,,,,0
6s389b02,unsafe,0.147,,1,0
6s38,Unknow,,,,0
6s391rb379,safe,0.451,185,4,0
6s392r,Unknow,,,,0
6s393r,Unknow,,,,0
6s394r,Unknow,,,,0
6s398b09,Unknow,,,,0
6s398b16,Unknow,,,,0
6s399b02,Unknow,,,,0
6s399b03,Unknow,,,,0
6s39,Unknow,,,,0
6s400rb07819,safe,1.360,6,2,0
6s401rb051,Unknow,,,,0
6s402rb0342,Unknow,,,,0
6s403rb1342,safe,2.616,6,2,0
6s404rb1,safe,154.997,68745,14,0
6s404rb4,safe,727.884,233621,20,0
6s405rb611,safe,7.840,6,2,0
6s406rb067,safe,9.170,8473,8,0
6s406rb111,Unknow,,,,0
6s407rb296,safe,253.294,202534,26,0
6s410rb043,safe,12.745,3047,3,0
6s413b398,Unknow,,,,0
6s41,Unknow,,,,0
6s421rb083,safe,2.088,1205,3,0
6s428rb098,Unknow,,,,0
6s42,Unknow,,,,0
6s43,safe,32.354,130628,15,0
6s44,Unknow,,,,0
6s45,Unknow,,,,0
6s48p1,Unknow,,,,0
6s4,Unknow,,,,0
6s514r,Unknow,,,,0
6s515rb1,safe,0.046,374,5,0
6s516r,Unknow,,,,0
6s517rb0,Unknow,,,,0
6s52,Unknow,,,,0
6s54,Unknow,,,,0
6s7,Unknow,,,,0
abp4p2ff,unsafe,1.652,11964,10,18
bc57sensorsp0,unsafe,159.461,869931,81,117
bc57sensorsp1neg,unsafe,194.792,1027101,65,117
bc57sensorsp1,unsafe,118.275,817633,75,117
bc57sensorsp2,unsafe,76.200,510242,74,106
beemadd4b1,unsafe,563.417,1842367,5,21
beemandrsn4b1,safe,1696.311,1814728,12,0
beemandrsn6b1,Unknow,,,,0
beembkry8b1,Unknow,,,,0
beembrptwo3b2,Unknow,,,,0
beembrptwo6b1,unsafe,9.823,34446,17,179
beemcmbrdg1b1,Unknow,,,,0
beemcmbrdg1f1,Unknow,,,,0
beemcmbrdg7f2,Unknow,,,,0
beemcycschd3b1,safe,2.087,10702,13,0
beemelev1f1,safe,0.426,1604,6,0
beemelev2f1,safe,0.275,1194,6,0
beemextnc1b1,Unknow,,,,0
beemextnc1f1,Unknow,,,,0
beemextnc3f1,Unknow,,,,0
beemfrogs4f1,unsafe,304.725,1001046,10,51
beemfwt2b2,Unknow,,,,0
beemfwt3f3,safe,2.789,5617,11,0
beemfwt4b1,Unknow,,,,0
beemfwt5b1,Unknow,,,,0
beemfwt5b3,Unknow,,,,0
beemhanoi4b1,Unknow,,,,0
beemkrebs4b1,Unknow,,,,0
beemlann2f1,safe,15.293,169307,32,0
beemldfilt3f1,Unknow,,,,0
beemldfilt7b1,Unknow,,,,0
beemlifts2b1,Unknow,,,,0
beemlifts3b1,Unknow,,,,0
beemlmprt8f1,unsafe,8.888,66781,8,38
beemloyd3b1,Unknow,,,,0
beemlup1b1,safe,0.310,33,2,0
beemmcs6f1,safe,10.824,49369,21,0
beemmsmie1f1,safe,3.429,30018,15,0
beemndhm4b3,Unknow,,,,0
beempgmprot1f2,Unknow,,,,0
beempgsol4f1,Unknow,,,,0
beempgsol5b1,unsafe,116.095,3,1,5
beemprdcell2f1,unsafe,156.750,1704410,30,115
beemptrsn1b1,safe,61.833,325811,13,0
beemptrsn4b1,Unknow,,,,0
beemptrsn7f1,Unknow,,,,0
beemrshr4b1,Unknow,,,,0
beemrwtrs2b1,Unknow,,,,0
beemskbn2b1,Unknow,,,,0
beemskbn3f1,safe,11.689,2179,4,0
beemszmsk1f1,safe,57.399,488949,38,0
beemtlphn4f1,safe,17.321,84804,16,0
beemtrngt4b1,Unknow,,,,0
bj08amba2g1,safe,0.005,6,2,0
bj08amba2g3f3,safe,0.346,1681,7,0
bj08amba2g4f3,unsafe,5.656,3720,5,11
bj08amba3g1,safe,0.019,6,2,0
bj08amba5g62,safe,1.291,6,2,0
bj08aut82,safe,0.003,6,2,0
bj08vendingcycle,unsafe,0.045,5,1,5
bjrb07amba10andenv,Unknow,,,,0
bjrb07amba1andenv,safe,0.004,6,2,0
bjrb07amba4andenv,safe,77.090,3875,10,0
bjrb07amba5andenv,safe,128.508,7573,10,0
bob05,safe,112.888,236374,43,0
bob12s02,Unknow,,,,0
bob12s03,unsafe,920.332,873450,6,13
bob12s06,Unknow,,,,0
bob12s08,Unknow,,,,0
bob12s09,Unknow,,,,0
bob12s10,Unknow,,,,0
bob2,safe,0.022,486,4,0
bob3,safe,5.052,71286,21,0
bob9234spec4neg,unsafe,80.971,747078,572,1021
bob9234spec5neg,unsafe,294.836,1936767,258,635
bob9234spec6neg,unsafe,93.243,863968,259,613
bob9234specand,safe,0.025,6,2,0
bobcohdoptdcd4,safe,9.674,125061,15,0
bobcount,safe,0.298,5084,25,0
boblivear,safe,3.118,34261,14,0
boblivea,safe,4.983,37968,15,0
bobmiterbm1and,safe,0.047,6,2,0
bobmiterbm1or,unsafe,0.008,,1,0
bobpcihm,Unknow,,,,0
bobsm38584,Unknow,,,,0
bobsm5378d2,safe,39.987,47642,32,0
bobsm9234,Unknow,,,,0
bobsmcodic,Unknow,,,,0
bobsmdct,safe,14.698,9317,10,0
bobsmfpu,Unknow,,,,0
bobsmhdlc1,Unknow,,,,0
bobsmhdlc3,Unknow,,,,0
bobsmi2c,safe,58.901,228857,53,0
bobsmmem,Unknow,,,,0
bobsmminiuart,Unknow,,,,0
bobsmmips,Unknow,,,,0
bobsmoci,Unknow,,,,0
bobsynth09neg,safe,0.416,1112,7,0
bobsynth13,unsafe,0.066,,1,0
bobsynthand,safe,0.293,6,2,0
bobsynthetic2,unsafe,2.567,5,1,5
bobsynthor,unsafe,0.169,,1,3
bobtuint08neg,safe,0.147,161,4,0
bobtuint09neg,safe,0.458,3209,13,0
bobtuint12neg,safe,0.155,125,4,0
bobtuint16neg,safe,0.142,186,4,0
bobtuint17neg,safe,0.186,595,7,0
bobtuint18neg,safe,0.145,236,5,0
bobtuint19neg,safe,0.177,530,7,0
bobtuint20neg,safe,0.159,277,5,0
bobtuint21neg,safe,0.195,613,7,0
bobtuint22neg,safe,0.151,236,5,0
bobtuint24,unsafe,0.006,,1,0
bobtuint26neg,safe,0.206,217,7,0
bobtuintand,safe,0.049,6,2,0
bobtuintorneg,safe,0.041,6,2,0
bobtuttt,Unknow,,,,0
bobunr2p10d40l,safe,1.430,6,2,0
bobuns2p10d100l,safe,6.213,6,2,0
brpp1,unsafe,0.078,2,1,4
cmudme2,safe,1773.674,7750871,111,0
cmugigamax,safe,0.143,59,3,0
cmuperiodic,safe,97.082,535580,116,0
counterp0,unsafe,0.023,210,2,10
csmacdp2,unsafe,1.390,891,1,8
dme6p1neg,unsafe,0.028,,1,3
dme6p1,unsafe,0.130,2,1,4
eijkbs1512,safe,151.620,1386181,154,0
eijkbs3271,Unknow,,,,0
eijkbs4863,safe,64.489,19355,7,0
eijkbs6669,Unknow,,,,0
eijks1196,safe,0.576,6,2,0
eijks1238,safe,0.626,6,2,0
eijks1423,Unknow,,,,0
eijks208c,safe,0.247,3229,31,0
eijks208o,safe,0.117,1278,19,0
eijks298,safe,0.682,4419,12,0
eijks344,safe,1.380,8172,8,0
eijks349,safe,1.658,6935,6,0
eijks386,safe,0.297,2966,9,0
eijks420,safe,552.124,3503702,1301,0
eijks444,safe,112.974,1690992,96,0
eijks510,safe,14.218,115894,49,0
eijks713,safe,0.268,1100,6,0
eijks820,safe,2.790,17802,13,0
eijks832,safe,2.551,17313,12,0
eijks953,safe,2.127,10334,13,0
intel001,safe,0.053,728,3,0
intel003,safe,0.224,1878,5,0
intel004,safe,0.184,797,4,0
intel007,safe,171.606,179131,4,0
intel009,Unknow,,,,0
intel012,Unknow,,,,0
intel013,Unknow,,,,0
intel014,Unknow,,,,0
intel016,Unknow,,,,0
intel017,Unknow,,,,0
intel019,Unknow,,,,0
intel020,Unknow,,,,0
intel023,Unknow,,,,0
intel024,Unknow,,,,0
intel025,Unknow,,,,0
intel026,Unknow,,,,0
intel027,Unknow,,,,0
intel028,Unknow,,,,0
intel031,Unknow,,,,0
intel032,Unknow,,,,0
intel034,Unknow,,,,0
intel035,Unknow,,,,0
intel036,Unknow,,,,0
intel037,Unknow,,,,0
intel038,Unknow,,,,0
intel039,Unknow,,,,0
intel040,Unknow,,,,0
intel042,Unknow,,,,0
intel043,Unknow,,,,0
intel044,unsafe,302.552,681608,61,107
intel045,unsafe,235.790,629725,62,87
intel046,unsafe,196.374,609677,61,125
intel047,unsafe,200.356,597441,64,81
intel048,Unknow,,,,0
intel056,safe,10.736,48672,11,0
intel057,safe,35.701,140730,17,0
intel059,safe,10.024,44867,12,0
intel061,safe,10.735,54940,14,0
intel063,safe,0.519,1363,6,0
intel064,Unknow,,,,0
intel065,Unknow,,,,0
intel066,Unknow,,,,0
intel067,Unknow,,,,0
irstdme5,unsafe,4.160,58358,22,59
irstdme6,unsafe,2.395,31264,23,60
kenflashp01,safe,0.208,173,3,0
kenflashp03,safe,0.510,6,2,0
kenflashp04,safe,0.214,16,2,0
kenflashp07,safe,0.205,16,2,0
kenflashp08,safe,0.200,6,2,0
kenflashp09,safe,0.590,6,2,0
kenflashp10,safe,0.506,6,2,0
kenflashp11,safe,0.879,16,2,0
kenflashp13,safe,0.033,6,2,0
kenoopp1,safe,0.077,22,2,0
mentorbm1and,unsafe,28.759,62743,7,15
mentorbm1or,safe,1.740,6,2,0
mentorbm1p01,safe,1.518,6,2,0
mentorbm1p02,safe,1.319,6,2,0
mentorbm1p05,safe,8.560,26241,33,0
mentorbm1p07,safe,57.698,152340,36,0
mentorbm1p09,safe,1.460,6,2,0
mutexp0,unsafe,0.026,139,1,8
ndista128,safe,0.825,39609,62,0
ndista262144,Unknow,,,,0
neclabakery001,safe,18.456,267532,115,0
neclaftp1002,safe,4.374,6,2,0
neclaftp2001,safe,2.060,6,2,0
neclaftp2002,safe,2.176,6,2,0
neclaftp4001,safe,0.025,6,2,0
neclaftp4002,safe,0.022,6,2,0
neclaftp5001,safe,0.015,6,2,0
neclatcas1a001,safe,0.074,6,2,0
nusmvbrp,safe,2.910,21214,18,0
nusmvdme116,Unknow,,,,0
nusmvdme216,Unknow,,,,0
nusmvguidancep1,safe,0.440,477,5,0
nusmvguidancep6,safe,0.789,777,6,0
nusmvguidancep8,safe,4.259,5391,12,0
nusmvreactorp1,safe,0.034,6,2,0
nusmvreactorp2,safe,131.693,885803,152,0
nusmvreactorp3,safe,0.245,6,2,0
nusmvreactorp4,safe,2.791,18410,14,0
nusmvreactorp5,safe,0.176,6,2,0
nusmvreactorp6,safe,180.626,1253145,138,0
nusmvsyncarb10p2,safe,0.059,1500,13,0
nusmvsyncarb5p2,safe,0.018,263,6,0
nusmvtcasp2,safe,2.316,5241,6,0
nusmvtcasp3,safe,334.833,1048574,6,0
nusmvtcastp3,safe,100.526,105931,5,0
oc8051gm03acc,Unknow,,,,0
oc8051gm06iram,Unknow,,,,0
oc8051gm0caddr,Unknow,,,,0
oc8051gm12data,Unknow,,,,0
oc8051gm15addr,Unknow,,,,0
oc8051gm1edata,Unknow,,,,0
oc8051gm2daddr,Unknow,,,,0
oc8051gm36addr,Unknow,,,,0
oc8051gm3apc,Unknow,,,,0
oc8051gm3bacc,Unknow,,,,0
oc8051gm3dpc,Unknow,,,,0
oc8051gm3facc,Unknow,,,,0
oc8051gm43acc,Unknow,,,,0
oc8051gm49acc,Unknow,,,,0
oc8051gm49pc,Unknow,,,,0
oc8051gm4biram,Unknow,,,,0
oc8051gm4dacc,Unknow,,,,0
oc8051gm58addr,Unknow,,,,0
oc8051gm59data,Unknow,,,,0
oc8051gm63iram,Unknow,,,,0
oc8051gm64pc,Unknow,,,,0
oc8051gm68addr,Unknow,,,,0
oc8051gm6dpc,Unknow,,,,0
oc8051gm7daddr,Unknow,,,,0
oc8051gm81pc,Unknow,,,,0
oc8051gm88iram,Unknow,,,,0
oc8051gm8apc,Unknow,,,,0
oc8051gm95pc,Unknow,,,,0
oc8051gm98addr,Unknow,,,,0
oc8051gm9ddata,Unknow,,,,0
oc8051gma4pc,Unknow,,,,0
oc8051gma6data,Unknow,,,,0
oc8051gmadacc,Unknow,,,,0
oc8051gmb6acc,Unknow,,,,0
oc8051gmb8addr,Unknow,,,,0
oc8051gmbfpc,Unknow,,,,0
oc8051gmc5addr,Unknow,,,,0
oc8051gmc6data,Unknow,,,,0
oc8051gmcadata,Unknow,,,,0
oc8051gmcciram,Unknow,,,,0
oc8051gmd7acc,Unknow,,,,0
oc8051gmdaaddr,Unknow,,,,0
oc8051gme0pc,Unknow,,,,0
oc8051gme2addr,Unknow,,,,0
oc8051gme5iram,Unknow,,,,0
oc8051gmecacc,Unknow,,,,0
oc8051gmf2iram,Unknow,,,,0
oc8051gmfbaddr,Unknow,,,,0
oc8051topo08,Unknow,,,,0
oc8051xiommuo5,Unknow,,,,0
oski15a01b00s,Unknow,,,,0
oski15a01b01s,Unknow,,,,0
oski15a01b02s,Unknow,,,,0
oski15a01b03s,Unknow,,,,0
oski15a01b04s,Unknow,,,,0
oski15a01b05s,safe,950.228,6693,4,0
oski15a01b06s,Unknow,,,,0
oski15a01b07s,unsafe,5.299,,1,2
oski15a01b08s,Unknow,,,,0
oski15a01b09s,unsafe,29.492,3,1,5
oski15a01b10s,safe,1.149,6,2,0
oski15a01b11s,safe,1.173,6,2,0
oski15a01b12s,Unknow,,,,0
oski15a01b13s,unsafe,30.668,4,1,6
oski15a01b14s,Unknow,,,,0
oski15a01b15s,unsafe,4.345,,1,2
oski15a01b16s,safe,1.007,6,2,0
oski15a01b17s,unsafe,4.611,,1,2
oski15a01b18s,Unknow,,,,0
oski15a01b19s,unsafe,30.847,4,1,6
oski15a01b20s,safe,1.064,6,2,0
oski15a01b21s,unsafe,4.875,,1,2
oski15a01b22s,safe,0.949,6,2,0
oski15a01b23s,unsafe,4.751,,1,2
oski15a01b24s,safe,1.287,6,2,0
oski15a01b25s,unsafe,5.015,,1,2
oski15a01b26s,Unknow,,,,0
oski15a01b27s,unsafe,5.090,,1,2
oski15a01b28s,Unknow,,,,0
oski15a01b29s,unsafe,4.352,,1,2
oski15a01b30s,Unknow,,,,0
oski15a01b31s,unsafe,4.325,,1,2
oski15a01b32s,Unknow,,,,0
oski15a01b33s,unsafe,5.229,,1,2
oski15a01b34s,Unknow,,,,0
oski15a01b35s,unsafe,4.788,,1,2
oski15a01b36s,Unknow,,,,0
oski15a01b37s,unsafe,5.044,,1,2
oski15a01b38s,Unknow,,,,0
oski15a01b39s,unsafe,28.418,2,1,4
oski15a01b40s,Unknow,,,,0
oski15a01b41s,Unknow,,,,0
oski15a01b42s,Unknow,,,,0
oski15a01b43s,Unknow,,,,0
oski15a01b44s,Unknow,,,,0
oski15a01b45s,Unknow,,,,0
oski15a01b46s,Unknow,,,,0
oski15a01b47s,unsafe,5.060,,1,2
oski15a01b48s,Unknow,,,,0
oski15a01b49s,unsafe,30.990,3,1,5
oski15a01b50s,Unknow,,,,0
oski15a01b51s,unsafe,29.260,4,1,6
oski15a01b52s,Unknow,,,,0
oski15a01b53s,unsafe,28.846,4,1,6
oski15a01b54s,Unknow,,,,0
oski15a01b55s,unsafe,4.862,,1,2
oski15a01b56s,safe,1.109,6,2,0
oski15a01b57s,unsafe,4.849,,1,2
oski15a01b58s,Unknow,,,,0
oski15a01b59s,unsafe,30.017,4,1,6
oski15a01b60s,Unknow,,,,0
oski15a01b61s,unsafe,4.740,,1,2
oski15a01b62s,Unknow,,,,0
oski15a01b63s,unsafe,4.711,,1,2
oski15a01b64s,Unknow,,,,0
oski15a01b65s,unsafe,4.910,,1,2
oski15a01b66s,Unknow,,,,0
oski15a01b67s,unsafe,4.764,,1,2
oski15a01b69s,unsafe,4.819,,1,2
oski15a01b70s,Unknow,,,,0
oski15a01b71s,unsafe,4.310,,1,2
oski15a01b72s,Unknow,,,,0
oski15a01b73s,unsafe,4.326,,1,2
oski15a01b74s,Unknow,,,,0
oski15a01b75s,unsafe,4.795,,1,2
oski15a01b76s,Unknow,,,,0
oski15a01b77s,unsafe,5.022,,1,2
oski15a01b78s,Unknow,,,,0
oski15a01b79s,unsafe,29.777,2,1,4
oski15a07b0s,Unknow,,,,0
oski15a07b1s,unsafe,0.900,,1,2
oski15a07b2s,Unknow,,,,0
oski15a07b3s,unsafe,0.796,,1,2
oski15a07b4s,Unknow,,,,0
oski15a07b5s,unsafe,0.839,,1,2
oski15a08b00s,Unknow,,,,0
oski15a08b01s,unsafe,20.603,,1,3
oski15a08b02s,Unknow,,,,0
oski15a08b03s,unsafe,61.401,2,1,4
oski15a08b04s,Unknow,,,,0
oski15a08b05s,unsafe,69.192,3,1,5
oski15a08b06s,Unknow,,,,0
oski15a08b07s,Unknow,,,,0
oski15a08b08s,Unknow,,,,0
oski15a08b09s,unsafe,82.553,5,1,7
oski15a08b10s,Unknow,,,,0
oski15a08b11s,unsafe,65.189,2,1,4
oski15a08b12s,Unknow,,,,0
oski15a08b13s,unsafe,68.322,3,1,5
oski15a08b14s,Unknow,,,,0
oski15a08b15s,Unknow,,,,0
oski15a08b16s,unsafe,81.534,5,1,7
oski15a08b17s,unsafe,77.533,5,1,7
oski15a10b00s,safe,5.636,6,2,0
oski15a10b01s,unsafe,0.664,,1,2
oski15a10b02s,Unknow,,,,0
oski15a10b03s,unsafe,0.828,,1,3
oski15a10b04s,Unknow,,,,0
oski15a10b05s,unsafe,0.827,,1,3
oski15a10b06s,Unknow,,,,0
oski15a10b07s,unsafe,3.960,3,1,5
oski15a10b08s,Unknow,,,,0
oski15a10b09s,unsafe,3.633,4,1,6
oski15a10b10s,Unknow,,,,0
oski15a10b11s,unsafe,3.874,4,1,6
oski15a10b12s,Unknow,,,,0
oski15a10b13s,unsafe,0.552,,1,2
oski15a10b14s,Unknow,,,,0
oski15a10b15s,unsafe,0.847,,1,3
oski15a10b16s,Unknow,,,,0
oski15a10b17s,unsafe,0.601,,1,2
oski15a14b00s,Unknow,,,,0
oski15a14b01s,unsafe,0.284,,1,2
oski15a14b02s,Unknow,,,,0
oski15a14b03s,Unknow,,,,0
oski15a14b04s,Unknow,,,,0
oski15a14b05s,Unknow,,,,0
oski15a14b06s,Unknow,,,,0
oski15a14b07s,unsafe,0.295,,1,2
oski15a14b08s,safe,423.168,382305,20,0
oski15a14b09s,unsafe,0.318,,1,2
oski15a14b10s,Unknow,,,,0
oski15a14b11s,unsafe,0.295,,1,2
oski15a14b12s,safe,5.909,6,2,0
oski15a14b13s,unsafe,0.273,,1,2
oski15a14b14s,safe,3.648,6,2,0
oski15a14b15s,unsafe,0.253,,1,2
oski15a14b16s,safe,7.171,6,2,0
oski15a14b17s,unsafe,0.312,,1,2
oski15a14b18s,safe,3.952,6,2,0
oski15a14b19s,unsafe,0.366,,1,2
oski15a14b20s,Unknow,,,,0
oski15a14b21s,Unknow,,,,0
oski15a14b22s,Unknow,,,,0
oski15a14b23s,Unknow,,,,0
oski15a14b24s,Unknow,,,,0
oski15a14b25s,unsafe,1202.367,2416124,5,14
oski15a14b26s,Unknow,,,,0
oski15a14b27s,Unknow,,,,0
oski15a14b28s,Unknow,,,,0
oski15a14b29s,unsafe,5.195,5,1,7
oski15a14b30s,Unknow,,,,0
oski15a14b31s,unsafe,0.305,,1,2
oski15a14b32s,safe,3.788,6,2,0
oski15a14b33s,unsafe,326.681,538992,1,8
oski1rub00i,Unknow,,,,0
oski1rub01i,Unknow,,,,0
oski1rub02i,Unknow,,,,0
oski1rub03i,safe,74.994,6,2,0
oski1rub08i,Unknow,,,,0
oski1rub09i,Unknow,,,,0
oski1rub10i,Unknow,,,,0
oski2b1i,unsafe,1039.406,174416,8,15
oski2b2i,safe,53.464,6,2,0
oski2b3i,unsafe,990.417,174606,8,15
oski2b4i,unsafe,909.936,195932,8,15
oski2b5i,unsafe,1106.333,196205,8,15
oski2ub0i,Unknow,,,,0
oski3b0i,Unknow,,,,0
oski3b3i,unsafe,20.092,9294,8,15
pcip1,unsafe,0.097,2,1,4
pdtfifo1to0,Unknow,,,,0
pdtpmsam2901,Unknow,,,,0
pdtpmsarbiter,safe,0.004,6,2,0
pdtpmsblackjack,safe,0.706,5087,9,0
pdtpmscoherence,safe,37.832,139651,16,0
pdtpmsns2,safe,57.025,164215,19,0
pdtpmsretherrtf,Unknow,,,,0
pdtpmsrotate32,safe,1.573,6,2,0
pdtpmss1269b,safe,0.083,6,2,0
pdtpmstwo,Unknow,,,,0
pdtpmsudc8,safe,774.413,5786914,207,0
pdtpmsusbphy,safe,0.041,6,2,0
pdtswvibs8x8p0,unsafe,0.410,621,9,15
pdtswvqis10x6p2,Unknow,,,,0
pdtswvsam6x8p1,safe,1.055,1707,10,0
pdtswvtma6x4p1,safe,25.314,222517,56,0
pdtswvtma6x6p3,Unknow,,,,0
pdtswvtms12x8p1,safe,237.429,1651505,60,0
pdtswvtms14x8p1,safe,50.317,301423,27,0
pdtvisbakery2,safe,22.335,20335,31,0
pdtvisblackjack0,safe,0.006,6,2,0
pdtvisblackjack1,safe,0.007,6,2,0
pdtvisblackjack2,safe,0.007,6,2,0
pdtviscoherence4,safe,0.974,3143,8,0
pdtvisgigamax3,safe,0.171,227,4,0
pdtvisgigamax4,safe,0.169,186,4,0
pdtvisgoodbakery0,safe,12.519,11989,26,0
pdtvisgray0,safe,0.011,6,2,0
pdtvishuffman1,safe,0.004,6,2,0
pdtvisminmax0,safe,3.208,6,2,0
pdtvisminmaxr1,safe,0.369,6,2,0
pdtvisns2p3,safe,0.179,6,2,0
pdtvisns3p02,safe,7.862,21433,10,0
pdtvisretherrtf1,safe,0.080,6,2,0
pdtvisrethersqo0,safe,0.053,6,2,0
pdtvissoap2,safe,7.131,14679,22,0
pdtvistimeout0,Unknow,,,,0
pdtvistwoall3,safe,0.005,6,2,0
pdtvisvending00,safe,0.447,1686,7,0
pdtvisvending07,safe,0.609,2948,11,0
pdtvisvending09,safe,0.060,6,2,0
pdtvisvsa16a10,safe,4.393,6,2,0
pdtvisvsa16a16,safe,0.133,6,2,0
pdtvisvsa16a27,safe,0.967,310,3,0
pdtvisvsa16a29,Unknow,,,,0
pdtvisvsar22,safe,0.167,6,2,0
pdtvsar8multip13,safe,0.364,6,2,0
pdtvsar8multip16,safe,0.017,6,2,0
pdtvsar8multip23,safe,0.302,6,2,0
pdtvsarmultip08,safe,0.218,6,2,0
pdtvsarmultip13,safe,0.149,6,2,0
pdtvsarmultip29,Unknow,,,,0
pdtvsarmultip30,safe,0.060,6,2,0
pj2002,safe,4.673,199,4,0
pj2003,safe,4.364,245,4,0
pj2006,safe,53.330,29900,10,0
pj2007,safe,4.251,2515,10,0
pj2010,safe,1.660,44,3,0
pj2015,safe,16.789,5413,6,0
pj2016,safe,21.273,9901,7,0
pj2018,safe,17.479,8135,11,0
power2bit128,safe,0.180,6152,36,0
power2bit8,safe,0.027,124,6,0
power2eq2048,safe,124.012,3293351,448,0
power2eq262144,Unknow,,,,0
power2eq32768,Unknow,,,,0
power2eq65536,Unknow,,,,0
power2sum128,safe,5.691,169766,110,0
power2sum256,safe,13.113,387738,154,0
power2sum32,safe,0.873,27353,39,0
prodcellp0neg,unsafe,223.752,1024342,62,86
prodcellp1,unsafe,125.625,952897,65,180
prodcellp2neg,unsafe,79.410,648537,70,203
prodcellp4,unsafe,46.612,380412,69,118
productioncellp0,unsafe,83.173,669923,65,92
ringp0,unsafe,0.048,688,2,9
shift1add2048,safe,2.916,137114,32,0
shift1add256,safe,0.297,13986,23,0
shift1add262144,Unknow,,,,0
shift1add512,safe,0.613,29865,26,0
shift1add524288,Unknow,,,,0
srg5ptimo,unsafe,0.028,2,1,4
texasifetch1p1,safe,0.029,6,2,0
texasifetch1p8,unsafe,0.020,5,1,5
texasparsesysp2,safe,0.071,78,4,0
texasparsesysp3,unsafe,0.089,218,4,9
texaspimainp01,safe,0.233,240,4,0
texaspimainp05,safe,0.325,547,5,0
texaspimainp12,safe,0.185,94,4,0
vis4arbitp1,safe,0.146,1857,9,0
visarbiter,safe,0.114,1299,7,0
viscoherencep2,safe,0.477,711,5,0
viscoherencep3,safe,0.962,3283,7,0
viselevatorp1,safe,0.101,6,2,0
viselevatorp2,unsafe,0.065,3,1,5
viselevatorp3,safe,0.108,37,3,0
visemodel,safe,0.037,6,2,0
visprodcellp01,safe,0.238,6,2,0
